"tourney_year_id","winner_name","loser_name","winner_games_won","loser_games_won"
78524,"Kei Nishikori","Marin Cilic",17,13
78524,"Kei Nishikori","Matthew Ebden",12,6
78524,"Marin Cilic","Grigor Dimitrov",14,10
78524,"Marin Cilic","Denis Istomin",19,17
78525,"Stan Wawrinka","Edouard Roger-Vasselin",13,7
78525,"Stan Wawrinka","Vasek Pospisil",6,4
78525,"Stan Wawrinka","Aljaz Bedene",12,3
78525,"Stan Wawrinka","Benjamin Becker",12,4
78525,"Rafael Nadal","Gael Monfils",18,10
78525,"Rafael Nadal","Peter Gojowczyk",16,11
78525,"Rafael Nadal","Ernests Gulbis",13,9
78525,"Rafael Nadal","Tobias Kamke",18,13
78525,"Rafael Nadal","Lukas Rosol",13,8
78525,"David Ferrer","Alexandr Dolgopolov",17,13
78525,"Andy Murray","Mousa Shanan Zayed",12,0
78525,"Dominic Thiem","Matthias Bachinger",13,10
78525,"Dominic Thiem","Marco Cecchinato",13,11
78525,"Dominic Thiem","Donald Young",12,8
78167,"David Ferrer","Guillermo Garcia-Lopez",17,14
78167,"Roberto Bautista Agut","Jack Sock",12,4
78167,"David Ferrer","Donald Young",18,11
78167,"Roberto Bautista Agut","Benoit Paire",12,7
78167,"Roberto Bautista Agut","Daniel Gimeno-Traver",15,11
78167,"Marin Cilic","Jan-Lennard Struff",15,12
78174,"Stan Wawrinka","Rafael Nadal",21,14
78174,"Rafael Nadal","Roger Federer",19,12
78174,"Stan Wawrinka","Tomas Berdych",26,22
78174,"Rafael Nadal","Grigor Dimitrov",23,20
78174,"Stan Wawrinka","Novak Djokovic",26,25
78174,"Tomas Berdych","David Ferrer",20,15
78174,"Rafael Nadal","Kei Nishikori",21,17
78174,"Novak Djokovic","Fabio Fognini",18,5
78174,"David Ferrer","Florian Mayer",25,15
78174,"Andy Murray","Stephane Robert",24,12
78174,"Tomas Berdych","Kevin Anderson",18,7
78174,"Stan Wawrinka","Tommy Robredo",20,15
78174,"Rafael Nadal","Gael Monfils",18,6
78174,"Novak Djokovic","Denis Istomin",19,11
78174,"David Ferrer","Jeremy Chardy",19,10
78174,"Andy Murray","Feliciano Lopez",19,12
78174,"Tomas Berdych","Damir Dzumhur",18,8
78174,"Stan Wawrinka","Vasek Pospisil",0,0
78174,"Kei Nishikori","Donald Young",19,6
78174,"Roberto Bautista Agut","Benoit Paire",18,7
78174,"Rafael Nadal","Thanasi Kokkinakis",18,8
78174,"Novak Djokovic","Leonardo Mayer",18,8
78174,"David Ferrer","Adrian Mannarino",24,16
78174,"Andy Murray","Vincent Millot",19,9
78174,"Roberto Bautista Agut","Juan Martin del Potro",28,25
78174,"Tomas Berdych","Kenny De Schepper",18,8
78174,"Stan Wawrinka","Alejandro Falla",24,17
78174,"Kei Nishikori","Dusan Lajovic",19,8
78174,"Rafael Nadal","Bernard Tomic",6,4
78174,"Novak Djokovic","Lukas Lacko",19,10
78174,"David Ferrer","Alejandro Gonzalez",18,11
78174,"Andy Murray","Go Soeda",18,5
78174,"Tomas Berdych","Aleksandr Nedovyesov",18,10
78174,"Stan Wawrinka","Andrey Golubev",10,5
78174,"Kei Nishikori","Marinko Matosevic",27,20
78174,"Roberto Bautista Agut","Tim Smyczek",18,4
78174,"Marin Cilic","Marcel Granollers",26,20
78174,"Dominic Thiem","Joao Sousa",24,20
78174,"Dominic Thiem","Martin Klizan",13,7
78174,"Dominic Thiem","Matthias Bachinger",12,12
78174,"Dominic Thiem","Rik De Voest",20,19
78195,"Marin Cilic","Tommy Haas",12,7
78195,"Marin Cilic","Bjorn Phau",12,7
78195,"Marin Cilic","Ivan Dodig",13,9
78195,"Marin Cilic","Dusan Lajovic",13,9
78195,"Marin Cilic","Mate Delic",12,8
78202,"David Ferrer","Fabio Fognini",12,7
78202,"David Ferrer","Nicolas Almagro",12,6
78202,"David Ferrer","Albert Ramos-Vinolas",12,3
78202,"David Ferrer","Santiago Giraldo",13,10
78202,"David Ferrer","Maximo Gonzalez",13,10
78202,"Kei Nishikori","Ivo Karlovic",13,10
78202,"Kei Nishikori","Michael Russell",12,5
78202,"Kei Nishikori","Alex Bogomolov Jr.",15,11
78202,"Kei Nishikori","Benjamin Becker",12,8
78202,"Tomas Berdych","Marin Cilic",12,6
78202,"Tomas Berdych","Ernests Gulbis",12,5
78202,"Marin Cilic","Igor Sijsling",17,12
78202,"Marin Cilic","Andy Murray",12,7
78202,"Tomas Berdych","Jerzy Janowicz",18,13
78202,"Andy Murray","Dominic Thiem",15,13
78202,"Tomas Berdych","Nicolas Mahut",12,7
78202,"Marin Cilic","Jo-Wilfried Tsonga",12,8
78202,"Andy Murray","Edouard Roger-Vasselin",12,6
78202,"Tomas Berdych","Andreas Seppi",12,6
78202,"Marin Cilic","Lukas Rosol",12,4
78202,"Dominic Thiem","Jarkko Nieminen",16,14
78202,"Dominic Thiem","Adrian Sikora",13,6
78202,"Dominic Thiem","Kenny De Schepper",14,12
78209,"Marin Cilic","Kevin Anderson",19,17
78209,"Marin Cilic","John Isner",13,9
78209,"Marin Cilic","Teymuraz Gabashvili",12,5
78209,"Marin Cilic","Ryan Harrison",12,7
78209,"Kei Nishikori","Gastao Elias",17,10
78209,"Marin Cilic","Benjamin Becker",12,4
78209,"Roberto Bautista Agut","Dustin Brown",17,14
78209,"Rafael Nadal","Alexandr Dolgopolov",13,9
78209,"Rafael Nadal","Pablo Andujar",15,15
78209,"Rafael Nadal","Joao Sousa",12,1
78209,"David Ferrer","Thomaz Bellucci",16,12
78209,"Rafael Nadal","Albert Montanes",12,3
78209,"David Ferrer","Federico Delbonis",13,7
78209,"Rafael Nadal","Daniel Gimeno-Traver",13,8
78209,"David Ferrer","Jeremy Chardy",12,5
78216,"Andy Murray","Gilles Simon",14,14
78216,"David Ferrer","Feliciano Lopez",13,8
78216,"Andy Murray","Joao Sousa",12,7
78216,"David Ferrer","Mikhail Kukushkin",12,5
78216,"Andy Murray","Pablo Andujar",15,9
78216,"Dominic Thiem","Takanyi Garanganga",12,5
78216,"Tomas Berdych","Philipp Kohlschreiber",14,10
78216,"Novak Djokovic","Mikhail Youzhny",0,0
78216,"Tomas Berdych","Jo-Wilfried Tsonga",12,7
78216,"Novak Djokovic","Roberto Bautista Agut",12,4
78216,"Tomas Berdych","Sergiy Stakhovsky",12,3
78216,"Novak Djokovic","Denis Istomin",12,6
78216,"Tomas Berdych","Marius Copil",12,7
78216,"Roberto Bautista Agut","Adrian Ungur",12,4
78226,"Novak Djokovic","Roger Federer",16,15
78226,"Novak Djokovic","John Isner",19,13
78226,"Novak Djokovic","Julien Benneteau",12,4
78226,"Novak Djokovic","Marin Cilic",13,11
78226,"Novak Djokovic","Alejandro Gonzalez",15,8
78226,"Stan Wawrinka","Andreas Seppi",12,2
78226,"Andy Murray","Jiri Vesely",18,15
78226,"Marin Cilic","Tommy Robredo",12,7
78226,"Roberto Bautista Agut","Jarkko Nieminen",17,14
78226,"Rafael Nadal","Radek Stepanek",15,15
78226,"Novak Djokovic","Victor Hanescu",13,8
78226,"Stan Wawrinka","Ivo Karlovic",13,8
78226,"Roberto Bautista Agut","Tomas Berdych",16,12
78226,"Andy Murray","Lukas Rosol",16,11
78226,"Kei Nishikori","Santiago Giraldo",12,4
78226,"Dominic Thiem","Gilles Simon",13,8
78226,"Marin Cilic","Paolo Lorenzi",12,4
78226,"Roberto Bautista Agut","Steve Johnson",12,6
78226,"Dominic Thiem","Daniel Kosakowski",13,8
78226,"Dominic Thiem","Nicolas Meister",12,6
78226,"Dominic Thiem","Matt Reid",13,7
78239,"Novak Djokovic","Rafael Nadal",12,6
78239,"Rafael Nadal","Tomas Berdych",0,0
78239,"Novak Djokovic","Kei Nishikori",0,0
78239,"Rafael Nadal","Milos Raonic",16,12
78239,"Novak Djokovic","Andy Murray",13,8
78239,"Kei Nishikori","Roger Federer",16,15
78239,"Tomas Berdych","Alexandr Dolgopolov",13,10
78239,"Rafael Nadal","Fabio Fognini",12,4
78239,"Novak Djokovic","Tommy Robredo",13,8
78239,"Kei Nishikori","David Ferrer",16,18
78239,"Andy Murray","Jo-Wilfried Tsonga",12,5
78239,"Tomas Berdych","John Isner",13,8
78239,"Rafael Nadal","Denis Istomin",12,1
78239,"Novak Djokovic","Florian Mayer",0,0
78239,"Stan Wawrinka","Edouard Roger-Vasselin",13,9
78239,"David Ferrer","Andreas Seppi",12,5
78239,"Andy Murray","Feliciano Lopez",12,5
78239,"Tomas Berdych","Joao Sousa",12,6
78239,"Kei Nishikori","Grigor Dimitrov",14,11
78239,"Rafael Nadal","Lleyton Hewitt",12,4
78239,"Novak Djokovic","Jeremy Chardy",12,7
78239,"Stan Wawrinka","Daniel Gimeno-Traver",15,9
78239,"David Ferrer","Teymuraz Gabashvili",12,4
78239,"Andy Murray","Matthew Ebden",15,7
78239,"Tomas Berdych","Stephane Robert",13,7
78239,"Roberto Bautista Agut","Jerzy Janowicz",12,5
78239,"Kei Nishikori","Marinko Matosevic",12,5
78239,"Roberto Bautista Agut","Steve Johnson",16,10
78239,"Dominic Thiem","Lukas Rosol",13,10
78239,"Dominic Thiem","Peter Polansky",13,8
78239,"Dominic Thiem","Rhyne Williams",13,7
78264,"Stan Wawrinka","Roger Federer",17,14
78264,"Stan Wawrinka","David Ferrer",13,7
78264,"David Ferrer","Rafael Nadal",13,10
78264,"Novak Djokovic","Guillermo Garcia-Lopez",16,10
78264,"Stan Wawrinka","Milos Raonic",13,8
78264,"Rafael Nadal","Andreas Seppi",12,4
78264,"Novak Djokovic","Pablo Carreno Busta",12,1
78264,"Stan Wawrinka","Nicolas Almagro",0,0
78264,"David Ferrer","Grigor Dimitrov",12,6
78264,"Rafael Nadal","Teymuraz Gabashvili",12,5
78264,"Novak Djokovic","Albert Montanes",12,1
78264,"Stan Wawrinka","Marin Cilic",12,2
78264,"Tomas Berdych","Dmitry Tursunov",13,9
78264,"David Ferrer","Jeremy Chardy",12,3
78264,"Roberto Bautista Agut","Vasek Pospisil",12,4
78264,"Marin Cilic","Marinko Matosevic",15,9
78272,"Kei Nishikori","Santiago Giraldo",12,4
78272,"Kei Nishikori","Ernests Gulbis",12,6
78272,"Kei Nishikori","Marin Cilic",12,4
78272,"Rafael Nadal","Ivan Dodig",12,6
78272,"Kei Nishikori","Andrey Golubev",12,4
78272,"Marin Cilic","Tommy Robredo",20,18
78272,"Rafael Nadal","Albert Ramos-Vinolas",13,10
78272,"Kei Nishikori","Roberto Bautista Agut",16,10
78272,"Marin Cilic","Andrey Kuznetsov",13,7
78272,"Dominic Thiem","Marcel Granollers",15,11
78272,"Roberto Bautista Agut","Lukasz Kubot",12,1
78272,"Dominic Thiem","Radek Stepanek",12,8
78272,"Dominic Thiem","Marton Fucsovics",13,8
78272,"Dominic Thiem","Steven Diez",12,6
78279,"Tomas Berdych","Victor Hanescu",12,4
78279,"Tomas Berdych","Leonardo Mayer",15,14
78279,"Tomas Berdych","Somdev Devvarman",12,5
78285,"Rafael Nadal","Kei Nishikori",11,10
78285,"Rafael Nadal","Roberto Bautista Agut",12,7
78285,"Kei Nishikori","David Ferrer",18,16
78285,"Rafael Nadal","Tomas Berdych",12,6
78285,"David Ferrer","Ernests Gulbis",13,9
78285,"Kei Nishikori","Feliciano Lopez",12,8
78285,"Roberto Bautista Agut","Santiago Giraldo",12,7
78285,"Rafael Nadal","Jarkko Nieminen",12,5
78285,"David Ferrer","John Isner",12,8
78285,"Tomas Berdych","Grigor Dimitrov",15,11
78285,"Kei Nishikori","Milos Raonic",14,12
78285,"Roberto Bautista Agut","Lukasz Kubot",12,6
78285,"Rafael Nadal","Juan Monaco",12,1
78285,"Dominic Thiem","Stan Wawrinka",13,12
78285,"David Ferrer","Albert Ramos-Vinolas",18,16
78285,"Tomas Berdych","Kevin Anderson",12,5
78285,"Andy Murray","Nicolas Almagro",13,11
78285,"Kei Nishikori","Guillermo Garcia-Lopez",12,4
78285,"Roberto Bautista Agut","Fernando Verdasco",15,13
78285,"Marin Cilic","Paul-Henri Mathieu",13,12
78285,"Kei Nishikori","Ivan Dodig",12,8
78285,"Roberto Bautista Agut","Tommy Robredo",12,8
78285,"Marin Cilic","Joao Sousa",12,2
78285,"Dominic Thiem","Dmitry Tursunov",12,6
78285,"Dominic Thiem","Marinko Matosevic",12,8
78285,"Dominic Thiem","Leonardo Mayer",18,13
78292,"Novak Djokovic","Rafael Nadal",16,12
78292,"Rafael Nadal","Grigor Dimitrov",12,4
78292,"Novak Djokovic","Milos Raonic",19,16
78292,"Rafael Nadal","Andy Murray",14,14
78292,"Novak Djokovic","David Ferrer",17,14
78292,"Rafael Nadal","Mikhail Youzhny",18,10
78292,"Novak Djokovic","Philipp Kohlschreiber",16,9
78292,"David Ferrer","Ernests Gulbis",12,5
78292,"Andy Murray","Jurgen Melzer",13,10
78292,"Rafael Nadal","Gilles Simon",19,15
78292,"Novak Djokovic","Radek Stepanek",13,8
78292,"Stan Wawrinka","Pere Riba",12,3
78292,"David Ferrer","Mikhail Kukushkin",12,3
78292,"Tomas Berdych","Dmitry Tursunov",12,7
78292,"Andy Murray","Marcel Granollers",13,7
78292,"Marin Cilic","Santiago Giraldo",8,4
78307,"Rafael Nadal","Novak Djokovic",22,17
78307,"Rafael Nadal","Andy Murray",18,6
78307,"Novak Djokovic","Ernests Gulbis",21,15
78307,"Rafael Nadal","David Ferrer",22,11
78307,"Novak Djokovic","Milos Raonic",20,15
78307,"Andy Murray","Gael Monfils",23,17
78307,"Rafael Nadal","Dusan Lajovic",18,4
78307,"Novak Djokovic","Jo-Wilfried Tsonga",18,6
78307,"David Ferrer","Kevin Anderson",24,14
78307,"Tomas Berdych","John Isner",18,12
78307,"Andy Murray","Fernando Verdasco",20,15
78307,"Rafael Nadal","Leonardo Mayer",19,9
78307,"Novak Djokovic","Marin Cilic",24,16
78307,"David Ferrer","Andreas Seppi",19,11
78307,"Tomas Berdych","Roberto Bautista Agut",24,14
78307,"Andy Murray","Philipp Kohlschreiber",19,18
78307,"Rafael Nadal","Dominic Thiem",18,7
78307,"Novak Djokovic","Jeremy Chardy",18,7
78307,"David Ferrer","Simone Bolelli",18,7
78307,"Tomas Berdych","Aleksandr Nedovyesov",25,19
78307,"Andy Murray","Marinko Matosevic",18,7
78307,"Marin Cilic","Tobias Kamke",21,12
78307,"Roberto Bautista Agut","Benoit Paire",19,12
78307,"Rafael Nadal","Robby Ginepri",18,3
78307,"Novak Djokovic","Joao Sousa",18,7
78307,"David Ferrer","Igor Sijsling",18,8
78307,"Tomas Berdych","Peter Polansky",18,11
78307,"Andy Murray","Andrey Golubev",21,14
78307,"Marin Cilic","Pablo Andujar",19,9
78307,"Roberto Bautista Agut","Paolo Lorenzi",19,10
78307,"Dominic Thiem","Paul-Henri Mathieu",19,12
78321,"Kei Nishikori","Steve Johnson",13,7
78321,"Kei Nishikori","Gael Monfils",15,10
78321,"Stan Wawrinka","Marinko Matosevic",13,8
78321,"Stan Wawrinka","Sam Querrey",12,4
78321,"Tomas Berdych","Adrian Mannarino",13,10
78321,"Stan Wawrinka","Marcos Baghdatis",3,2
78321,"Tomas Berdych","James Duckworth",18,17
78321,"Andy Murray","Paul-Henri Mathieu",12,8
78327,"Roberto Bautista Agut","Benjamin Becker",15,16
78327,"Roberto Bautista Agut","Jurgen Melzer",17,14
78327,"Roberto Bautista Agut","Nicolas Mahut",16,12
78327,"Roberto Bautista Agut","Matthew Ebden",14,11
78327,"Roberto Bautista Agut","Daniel Gimeno-Traver",12,4
78335,"Novak Djokovic","Roger Federer",30,28
78335,"Novak Djokovic","Grigor Dimitrov",23,22
78335,"Novak Djokovic","Marin Cilic",27,18
78335,"Novak Djokovic","Jo-Wilfried Tsonga",19,13
78335,"Andy Murray","Kevin Anderson",19,13
78335,"Stan Wawrinka","Feliciano Lopez",20,15
78335,"Marin Cilic","Jeremy Chardy",19,14
78335,"Novak Djokovic","Gilles Simon",18,10
78335,"Rafael Nadal","Mikhail Kukushkin",24,10
78335,"Andy Murray","Roberto Bautista Agut",18,7
78335,"Stan Wawrinka","Denis Istomin",18,10
78335,"Marin Cilic","Tomas Berdych",20,16
78335,"Kei Nishikori","Simone Bolelli",26,25
78335,"Novak Djokovic","Radek Stepanek",25,20
78335,"Rafael Nadal","Lukas Rosol",23,20
78335,"Andy Murray","Blaz Rola",18,2
78335,"Stan Wawrinka","Yen-Hsun Lu",23,20
78335,"Tomas Berdych","Bernard Tomic",24,19
78335,"Kei Nishikori","Denis Kudla",18,6
78335,"Marin Cilic","Andreas Haider-Maurer",21,15
78335,"Roberto Bautista Agut","Jan Hernych",23,15
78335,"Novak Djokovic","Andrey Golubev",18,5
78335,"Rafael Nadal","Martin Klizan",22,15
78335,"Andy Murray","David Goffin",19,10
78335,"Stan Wawrinka","Joao Sousa",18,10
78335,"Tomas Berdych","Victor Hanescu",24,15
78335,"David Ferrer","Pablo Carreno Busta",24,9
78335,"Kei Nishikori","Kenny De Schepper",20,15
78335,"Marin Cilic","Paul-Henri Mathieu",24,14
78335,"Roberto Bautista Agut","Steve Johnson",25,19
78349,"David Ferrer","Victor Hanescu",12,4
78349,"Roberto Bautista Agut","Lukas Rosol",16,11
78349,"Roberto Bautista Agut","Fabio Fognini",12,7
78349,"Roberto Bautista Agut","Guillermo Garcia-Lopez",16,16
78349,"Roberto Bautista Agut","Louk Sorensen",13,10
78356,"David Ferrer","Alexander Zverev",12,1
78356,"David Ferrer","Pablo Andujar",12,2
78356,"David Ferrer","Andreas Seppi",15,12
78356,"David Ferrer","Mikhail Kukushkin",14,11
78356,"Dominic Thiem","Marcel Granollers",15,14
78356,"Dominic Thiem","Jiri Vesely",13,5
78363,"Marin Cilic","Lukas Rosol",12,2
78363,"Marin Cilic","Igor Sijsling",13,8
78369,"Dominic Thiem","Juan Monaco",12,4
78369,"Dominic Thiem","Marcel Granollers",13,9
78369,"Dominic Thiem","Jiri Vesely",13,9
78369,"Dominic Thiem","Joao Souza",17,17
78370,"Kei Nishikori","Lukas Lacko",14,11
78370,"Tomas Berdych","Robby Ginepri",12,5
78370,"Kei Nishikori","Sam Querrey",17,15
78377,"David Ferrer","Ivan Dodig",13,12
78377,"Andy Murray","Richard Gasquet",0,0
78377,"Novak Djokovic","Gael Monfils",19,15
78377,"Stan Wawrinka","Benoit Paire",17,15
78377,"Tomas Berdych","Yen-Hsun Lu",18,15
78377,"David Ferrer","Michael Russell",14,11
78377,"Andy Murray","Nick Kyrgios",12,4
78377,"Marin Cilic","Malek Jaziri",17,12
78377,"Marin Cilic","Denis Istomin",17,13
78383,"David Ferrer","Julien Benneteau",12,5
78383,"David Ferrer","Tommy Robredo",15,13
78383,"Stan Wawrinka","Marin Cilic",15,7
78383,"David Ferrer","Mikhail Youzhny",13,5
78383,"Andy Murray","John Isner",19,17
78383,"Novak Djokovic","Gilles Simon",16,13
78383,"Stan Wawrinka","Benjamin Becker",13,9
78383,"David Ferrer","Philipp Kohlschreiber",20,19
78383,"Andy Murray","Joao Sousa",12,6
78383,"Marin Cilic","Fernando Verdasco",14,12
78383,"Roberto Bautista Agut","Martin Klizan",17,13
78383,"Marin Cilic","Feliciano Lopez",12,7
78398,"Marin Cilic","Kei Nishikori",18,9
78398,"Kei Nishikori","Novak Djokovic",20,19
78398,"Marin Cilic","Roger Federer",18,11
78398,"Novak Djokovic","Andy Murray",25,19
78398,"Kei Nishikori","Stan Wawrinka",29,28
78398,"Marin Cilic","Tomas Berdych",19,12
78398,"Novak Djokovic","Philipp Kohlschreiber",19,10
78398,"Stan Wawrinka","Tommy Robredo",24,19
78398,"Kei Nishikori","Milos Raonic",30,28
78398,"Tomas Berdych","Dominic Thiem",18,7
78398,"Andy Murray","Jo-Wilfried Tsonga",20,14
78398,"Marin Cilic","Gilles Simon",27,26
78398,"Novak Djokovic","Sam Querrey",18,7
78398,"Stan Wawrinka","Blaz Kavcic",0,0
78398,"Tomas Berdych","Teymuraz Gabashvili",18,9
78398,"Andy Murray","Andrey Kuznetsov",23,14
78398,"Kei Nishikori","Leonardo Mayer",18,9
78398,"Marin Cilic","Kevin Anderson",21,16
78398,"Roberto Bautista Agut","Adrian Mannarino",19,10
78398,"Dominic Thiem","Feliciano Lopez",18,9
78398,"Novak Djokovic","Paul-Henri Mathieu",18,4
78398,"Stan Wawrinka","Thomaz Bellucci",22,19
78398,"David Ferrer","Bernard Tomic",0,0
78398,"Tomas Berdych","Martin Klizan",25,20
78398,"Andy Murray","Matthias Bachinger",18,10
78398,"Kei Nishikori","Pablo Andujar",12,5
78398,"Dominic Thiem","Ernests Gulbis",25,22
78398,"Marin Cilic","Illya Marchenko",19,12
78398,"Roberto Bautista Agut","Tim Smyczek",18,6
78398,"Novak Djokovic","Diego Schwartzman",18,7
78398,"Stan Wawrinka","Jiri Vesely",20,14
78398,"David Ferrer","Damir Dzumhur",20,11
78398,"Tomas Berdych","Lleyton Hewitt",18,10
78398,"Andy Murray","Robin Haase",21,20
78398,"Kei Nishikori","Wayne Odesnik",18,8
78398,"Marin Cilic","Marcos Baghdatis",9,4
78398,"Roberto Bautista Agut","Andreas Haider-Maurer",26,25
78398,"Dominic Thiem","Lukas Lacko",18,8
78426,"Kei Nishikori","Julien Benneteau",13,10
78426,"Kei Nishikori","Jarkko Nieminen",16,11
78426,"Kei Nishikori","Marinko Matosevic",12,3
78426,"Kei Nishikori","Rajeev Ram",12,5
78426,"Andy Murray","Tommy Robredo",18,14
78426,"Andy Murray","Juan Monaco",14,9
78426,"Andy Murray","Lukas Lacko",13,8
78426,"Andy Murray","Somdev Devvarman",12,6
78433,"Novak Djokovic","Tomas Berdych",12,2
78433,"Novak Djokovic","Andy Murray",12,7
78433,"Tomas Berdych","Martin Klizan",12,5
78433,"Novak Djokovic","Grigor Dimitrov",12,6
78433,"Tomas Berdych","John Isner",12,5
78433,"Andy Murray","Marin Cilic",12,5
78433,"Novak Djokovic","Vasek Pospisil",13,8
78433,"Rafael Nadal","Peter Gojowczyk",12,7
78433,"Tomas Berdych","Viktor Troicki",12,7
78433,"Marin Cilic","Joao Sousa",12,6
78433,"Andy Murray","Pablo Cuevas",12,4
78433,"Novak Djokovic","Guillermo Garcia-Lopez",12,3
78433,"Rafael Nadal","Richard Gasquet",12,4
78433,"Tomas Berdych","Feliciano Lopez",12,3
78433,"Marin Cilic","Yan Bai",12,7
78433,"Andy Murray","Jerzy Janowicz",18,13
78433,"Kei Nishikori","Milos Raonic",17,16
78433,"Kei Nishikori","Benjamin Becker",17,12
78433,"Kei Nishikori","Jeremy Chardy",12,6
78433,"Kei Nishikori","Donald Young",13,10
78433,"Kei Nishikori","Ivan Dodig",12,7
78439,"Novak Djokovic","David Ferrer",12,6
78439,"Novak Djokovic","Mikhail Kukushkin",16,13
78439,"David Ferrer","Andy Murray",14,9
78439,"Tomas Berdych","Ivo Karlovic",12,7
78439,"Novak Djokovic","Dominic Thiem",12,7
78439,"David Ferrer","Martin Klizan",17,16
78439,"Tomas Berdych","Richard Gasquet",12,4
78439,"Andy Murray","Jerzy Janowicz",13,7
78439,"Roberto Bautista Agut","Vasek Pospisil",16,16
78439,"Andy Murray","Teymuraz Gabashvili",13,6
78439,"Roberto Bautista Agut","Alexandr Dolgopolov",12,8
78439,"Dominic Thiem","Lukas Rosol",13,10
78447,"Marin Cilic","Roberto Bautista Agut",12,8
78447,"Marin Cilic","Mikhail Kukushkin",16,11
78447,"Roberto Bautista Agut","Ernests Gulbis",12,8
78447,"Marin Cilic","Tommy Robredo",12,6
78447,"Roberto Bautista Agut","Ricardas Berankis",13,8
78447,"Marin Cilic","Evgeny Donskoy",15,12
78447,"Roberto Bautista Agut","Sam Groth",14,12
78447,"Roberto Bautista Agut","Andrey Kuznetsov",12,7
78447,"Tomas Berdych","Grigor Dimitrov",17,15
78447,"Tomas Berdych","Matthias Bachinger",13,10
78447,"Tomas Berdych","Marius Copil",12,4
78447,"Tomas Berdych","Dustin Brown",13,8
78447,"Andy Murray","David Ferrer",18,14
78447,"David Ferrer","Philipp Kohlschreiber",15,15
78447,"Andy Murray","Viktor Troicki",12,7
78447,"David Ferrer","Ivo Karlovic",13,10
78447,"Andy Murray","Jan-Lennard Struff",13,7
78447,"David Ferrer","Tobias Kamke",13,6
78447,"Andy Murray","Vasek Pospisil",12,8
78454,"Rafael Nadal","Pierre-Hugues Herbert",12,2
78454,"Rafael Nadal","Simone Bolelli",12,4
78454,"Andy Murray","Tommy Robredo",17,18
78454,"Andy Murray","David Ferrer",13,9
78454,"David Ferrer","Thomaz Bellucci",12,3
78454,"Andy Murray","Kevin Anderson",18,15
78454,"David Ferrer","Fernando Verdasco",12,5
78454,"Andy Murray","Fabio Fognini",12,6
78454,"David Ferrer","Andreas Seppi",13,8
78454,"Andy Murray","Jurgen Melzer",12,6
78454,"Roberto Bautista Agut","Santiago Giraldo",12,8
78461,"Novak Djokovic","Milos Raonic",12,5
78461,"Novak Djokovic","Kei Nishikori",12,5
78461,"Novak Djokovic","Andy Murray",13,7
78461,"Kei Nishikori","David Ferrer",16,16
78461,"Tomas Berdych","Kevin Anderson",18,15
78461,"Novak Djokovic","Gael Monfils",13,9
78461,"David Ferrer","Fernando Verdasco",12,3
78461,"Tomas Berdych","Feliciano Lopez",13,8
78461,"Kei Nishikori","Jo-Wilfried Tsonga",16,11
78461,"Andy Murray","Grigor Dimitrov",12,6
78461,"Novak Djokovic","Philipp Kohlschreiber",12,7
78461,"Stan Wawrinka","Dominic Thiem",13,10
78461,"David Ferrer","David Goffin",14,12
78461,"Tomas Berdych","Adrian Mannarino",18,13
78461,"Kei Nishikori","Tommy Robredo",18,12
78461,"Andy Murray","Julien Benneteau",12,7
78461,"Roberto Bautista Agut","Richard Gasquet",12,6
78461,"Dominic Thiem","Alexandr Dolgopolov",16,8
78474,"Novak Djokovic","Roger Federer",0,0
78474,"Novak Djokovic","Kei Nishikori",15,7
78474,"Novak Djokovic","Tomas Berdych",12,4
78474,"Stan Wawrinka","Marin Cilic",16,12
78474,"Kei Nishikori","David Ferrer",16,11
78474,"Novak Djokovic","Stan Wawrinka",12,3
78474,"Tomas Berdych","Marin Cilic",12,4
78474,"Andy Murray","Milos Raonic",13,8
78474,"Novak Djokovic","Marin Cilic",12,2
78474,"Stan Wawrinka","Tomas Berdych",12,2
78474,"Kei Nishikori","Andy Murray",12,8
78530,"Kei Nishikori","Bernard Tomic",12,4
78530,"Kei Nishikori","Steve Johnson",13,9
78531,"Stan Wawrinka","Aljaz Bedene",12,7
78531,"Stan Wawrinka","David Goffin",13,8
78531,"Stan Wawrinka","Gilles Muller",13,8
78531,"Roberto Bautista Agut","Yen-Hsun Lu",13,10
78531,"Stan Wawrinka","Borna Coric",12,5
78531,"Roberto Bautista Agut","Peter Gojowczyk",12,5
78531,"David Ferrer","Tomas Berdych",13,9
78531,"Tomas Berdych","Andreas Seppi",12,5
78531,"David Ferrer","Ivo Karlovic",20,19
78531,"Tomas Berdych","Richard Gasquet",12,3
78531,"David Ferrer","Dustin Brown",12,4
78531,"Novak Djokovic","Sergiy Stakhovsky",12,3
78531,"Tomas Berdych","Blaz Kavcic",12,3
78531,"David Ferrer","Fernando Verdasco",12,5
78531,"Novak Djokovic","Dusan Lajovic",12,3
78531,"Tomas Berdych","Denis Istomin",12,5
78531,"David Ferrer","Thiemo de Bakker",18,14
78545,"Novak Djokovic","Andy Murray",25,16
78545,"Novak Djokovic","Stan Wawrinka",26,22
78545,"Andy Murray","Tomas Berdych",25,15
78545,"Novak Djokovic","Milos Raonic",19,12
78545,"Tomas Berdych","Rafael Nadal",19,8
78545,"Stan Wawrinka","Kei Nishikori",19,13
78545,"Andy Murray","Nick Kyrgios",19,12
78545,"Novak Djokovic","Gilles Muller",20,14
78545,"Rafael Nadal","Kevin Anderson",19,10
78545,"Stan Wawrinka","Guillermo Garcia-Lopez",24,22
78545,"Kei Nishikori","David Ferrer",18,9
78545,"Andy Murray","Grigor Dimitrov",25,19
78545,"Tomas Berdych","Bernard Tomic",19,10
78545,"Novak Djokovic","Fernando Verdasco",19,13
78545,"Rafael Nadal","Dudi Sela",19,6
78545,"Stan Wawrinka","Jarkko Nieminen",18,10
78545,"Kei Nishikori","Steve Johnson",24,13
78545,"Andy Murray","Joao Sousa",19,7
78545,"Tomas Berdych","Viktor Troicki",18,11
78545,"David Ferrer","Gilles Simon",25,20
78545,"Novak Djokovic","Andrey Kuznetsov",18,5
78545,"Rafael Nadal","Tim Smyczek",28,23
78545,"Stan Wawrinka","Marius Copil",20,15
78545,"Kei Nishikori","Ivan Dodig",24,19
78545,"Andy Murray","Marinko Matosevic",18,6
78545,"Tomas Berdych","Jurgen Melzer",19,10
78545,"David Ferrer","Sergiy Stakhovsky",23,16
78545,"Novak Djokovic","Aljaz Bedene",18,9
78545,"Rafael Nadal","Mikhail Youzhny",18,7
78545,"Stan Wawrinka","Marsel Ilhan",18,7
78545,"Kei Nishikori","Nicolas Almagro",19,12
78545,"Andy Murray","Yuki Bhambri",19,13
78545,"Tomas Berdych","Alejandro Falla",19,12
78545,"David Ferrer","Thomaz Bellucci",24,12
78545,"Roberto Bautista Agut","Dominic Thiem",23,17
78566,"Kei Nishikori","Kevin Anderson",12,8
78566,"Kei Nishikori","Sam Querrey",19,19
78566,"Kei Nishikori","Austin Krajicek",16,13
78566,"Kei Nishikori","Ryan Harrison",15,13
78566,"Stan Wawrinka","Tomas Berdych",16,13
78566,"Stan Wawrinka","Milos Raonic",14,12
78566,"Tomas Berdych","Gilles Simon",12,3
78566,"Tomas Berdych","Gael Monfils",12,5
78566,"Stan Wawrinka","Gilles Muller",13,9
78566,"Andy Murray","Vasek Pospisil",13,8
78566,"Tomas Berdych","Andreas Seppi",15,9
78566,"Stan Wawrinka","Guillermo Garcia-Lopez",18,13
78566,"Andy Murray","Nicolas Mahut",12,5
78566,"Tomas Berdych","Tobias Kamke",13,6
78566,"Stan Wawrinka","Jesse Huta Galung",15,12
78566,"Dominic Thiem","Ernests Gulbis",12,6
78566,"Roberto Bautista Agut","Alexander Zverev",12,5
78573,"Roberto Bautista Agut","Dominic Thiem",13,9
78573,"Stan Wawrinka","Benoit Paire",12,5
78573,"Roberto Bautista Agut","Vasek Pospisil",13,9
78573,"Dominic Thiem","David Goffin",5,1
78573,"Dominic Thiem","Joao Sousa",13,10
78573,"David Ferrer","Fabio Fognini",12,5
78573,"David Ferrer","Andreas Haider-Maurer",13,6
78573,"Rafael Nadal","Pablo Cuevas",17,11
78573,"David Ferrer","Juan Monaco",16,11
78573,"Rafael Nadal","Pablo Carreno Busta",13,8
78573,"David Ferrer","Thiemo de Bakker",9,6
78573,"Rafael Nadal","Thomaz Bellucci",12,5
78573,"David Ferrer","Daniel Gimeno-Traver",12,7
78580,"David Ferrer","Kei Nishikori",13,8
78580,"Kei Nishikori","Kevin Anderson",15,11
78580,"David Ferrer","Ryan Harrison",16,6
78580,"Kei Nishikori","Alexandr Dolgopolov",12,8
78580,"David Ferrer","Bernard Tomic",15,11
78580,"Kei Nishikori","Yen-Hsun Lu",12,4
78580,"David Ferrer","Marinko Matosevic",13,10
78580,"Kei Nishikori","Alejandro Gonzalez",13,8
78580,"David Ferrer","Igor Sijsling",13,9
78580,"Rafael Nadal","Juan Monaco",12,5
78580,"Rafael Nadal","Carlos Berlocq",13,8
78580,"Rafael Nadal","Federico Delbonis",12,2
78580,"Rafael Nadal","Facundo Arguello",12,4
78580,"Novak Djokovic","Tomas Berdych",17,11
78580,"Novak Djokovic","Marsel Ilhan",12,2
78580,"Tomas Berdych","Sergiy Stakhovsky",16,11
78580,"Novak Djokovic","Andrey Golubev",12,3
78580,"Andy Murray","Joao Sousa",12,2
78580,"Tomas Berdych","Simone Bolelli",18,13
78580,"Novak Djokovic","Vasek Pospisil",12,8
78580,"Andy Murray","Gilles Muller",13,9
78580,"Tomas Berdych","Jeremy Chardy",13,10
78580,"Roberto Bautista Agut","Dominic Thiem",12,5
78597,"Novak Djokovic","Roger Federer",18,12
78597,"Novak Djokovic","Andy Murray",12,5
78597,"Novak Djokovic","Bernard Tomic",0,0
78597,"Andy Murray","Feliciano Lopez",12,7
78597,"Novak Djokovic","John Isner",13,10
78597,"Rafael Nadal","Gilles Simon",12,6
78597,"Andy Murray","Adrian Mannarino",12,6
78597,"Tomas Berdych","Lukas Rosol",16,12
78597,"Novak Djokovic","Albert Ramos-Vinolas",13,8
78597,"Rafael Nadal","Donald Young",12,6
78597,"Andy Murray","Philipp Kohlschreiber",15,8
78597,"Kei Nishikori","Fernando Verdasco",18,12
78597,"Tomas Berdych","Steve Johnson",12,6
78597,"Novak Djokovic","Marcos Baghdatis",12,4
78597,"Rafael Nadal","Igor Sijsling",12,6
78597,"Andy Murray","Vasek Pospisil",12,4
78597,"Kei Nishikori","Ryan Harrison",12,8
78597,"David Ferrer","Ivan Dodig",17,13
78597,"Tomas Berdych","Sergiy Stakhovsky",12,5
78597,"Roberto Bautista Agut","Denis Istomin",12,7
78610,"Novak Djokovic","Andy Murray",17,12
78610,"Novak Djokovic","John Isner",13,8
78610,"Andy Murray","Tomas Berdych",12,8
78610,"Novak Djokovic","David Ferrer",14,10
78610,"Andy Murray","Dominic Thiem",15,11
78610,"Tomas Berdych","Juan Monaco",12,7
78610,"Novak Djokovic","Alexandr Dolgopolov",19,12
78610,"Andy Murray","Kevin Anderson",15,13
78610,"Kei Nishikori","David Goffin",12,3
78610,"David Ferrer","Gilles Simon",13,6
78610,"Tomas Berdych","Gael Monfils",9,5
78610,"Dominic Thiem","Adrian Mannarino",18,17
78610,"Novak Djokovic","Steve Darcis",13,5
78610,"Andy Murray","Santiago Giraldo",12,7
78610,"Kei Nishikori","Viktor Troicki",12,4
78610,"David Ferrer","Lukas Rosol",13,9
78610,"Tomas Berdych","Bernard Tomic",19,14
78610,"Dominic Thiem","Jack Sock",12,7
78610,"Novak Djokovic","Martin Klizan",17,8
78610,"Rafael Nadal","Nicolas Almagro",12,6
78610,"Andy Murray","Donald Young",12,6
78610,"Kei Nishikori","Mikhail Youzhny",12,3
78610,"David Ferrer","Federico Delbonis",12,2
78610,"Stan Wawrinka","Carlos Berlocq",19,14
78610,"Tomas Berdych","Hyeon Chung",12,7
78610,"Dominic Thiem","Feliciano Lopez",17,15
78610,"Dominic Thiem","Diego Schwartzman",14,11
78628,"Novak Djokovic","Tomas Berdych",17,14
78628,"Novak Djokovic","Rafael Nadal",12,6
78628,"Tomas Berdych","Gael Monfils",12,5
78628,"Novak Djokovic","Marin Cilic",12,3
78628,"Rafael Nadal","David Ferrer",17,13
78628,"Tomas Berdych","Milos Raonic",5,2
78628,"Novak Djokovic","Andreas Haider-Maurer",12,4
78628,"Rafael Nadal","John Isner",17,15
78628,"David Ferrer","Gilles Simon",18,10
78628,"Tomas Berdych","Roberto Bautista Agut",13,10
78628,"Marin Cilic","Jo-Wilfried Tsonga",13,9
78628,"Novak Djokovic","Albert Ramos-Vinolas",12,5
78628,"Rafael Nadal","Lucas Pouille",12,3
78628,"David Ferrer","Victor Estrella Burgos",8,2
78628,"Tomas Berdych","Sergiy Stakhovsky",13,10
78628,"Stan Wawrinka","Juan Monaco",12,5
78628,"Marin Cilic","Florian Mayer",15,12
78628,"Roberto Bautista Agut","Philipp Kohlschreiber",19,16
78628,"Roberto Bautista Agut","Benjamin Becker",12,2
78636,"Kei Nishikori","Pablo Andujar",12,8
78636,"Kei Nishikori","Martin Klizan",12,3
78636,"Kei Nishikori","Roberto Bautista Agut",15,9
78636,"David Ferrer","Philipp Kohlschreiber",13,9
78636,"Kei Nishikori","Santiago Giraldo",12,3
78636,"David Ferrer","Elias Ymer",12,7
78636,"Roberto Bautista Agut","Pablo Cuevas",13,8
78636,"Kei Nishikori","Teymuraz Gabashvili",12,7
78636,"Rafael Nadal","Nicolas Almagro",12,4
78636,"David Ferrer","Albert Montanes",12,5
78636,"Roberto Bautista Agut","Thomaz Bellucci",12,7
78643,"Andy Murray","Philipp Kohlschreiber",19,19
78643,"Andy Murray","Roberto Bautista Agut",12,8
78643,"Andy Murray","Lukas Rosol",16,11
78643,"Roberto Bautista Agut","Victor Estrella Burgos",16,6
78643,"Andy Murray","Mischa Zverev",12,4
78643,"Roberto Bautista Agut","Radek Stepanek",12,3
78643,"Dominic Thiem","Fabio Fognini",12,3
78643,"Dominic Thiem","Vasek Pospisil",18,17
78649,"Andy Murray","Rafael Nadal",12,5
78649,"Andy Murray","Kei Nishikori",12,7
78649,"Rafael Nadal","Tomas Berdych",13,7
78649,"Andy Murray","Milos Raonic",13,9
78649,"Rafael Nadal","Grigor Dimitrov",12,7
78649,"Kei Nishikori","David Ferrer",12,6
78649,"Tomas Berdych","John Isner",17,18
78649,"Andy Murray","Marcel Granollers",12,2
78649,"Rafael Nadal","Simone Bolelli",12,4
78649,"Kei Nishikori","Roberto Bautista Agut",12,6
78649,"Tomas Berdych","Jo-Wilfried Tsonga",13,7
78649,"David Ferrer","Fernando Verdasco",17,14
78649,"Andy Murray","Philipp Kohlschreiber",15,10
78649,"Rafael Nadal","Steve Johnson",12,7
78649,"Kei Nishikori","David Goffin",16,12
78649,"Tomas Berdych","Richard Gasquet",14,11
78649,"David Ferrer","Albert Ramos-Vinolas",12,4
78649,"Stan Wawrinka","Joao Sousa",14,11
78649,"Roberto Bautista Agut","Sam Querrey",13,9
78649,"Marin Cilic","Jiri Vesely",13,6
78649,"Roberto Bautista Agut","Marius Copil",13,8
78656,"Novak Djokovic","Roger Federer",12,7
78656,"Novak Djokovic","David Ferrer",12,8
78656,"Novak Djokovic","Kei Nishikori",15,10
78656,"Stan Wawrinka","Rafael Nadal",13,8
78656,"David Ferrer","David Goffin",16,11
78656,"Novak Djokovic","Thomaz Bellucci",17,12
78656,"Rafael Nadal","John Isner",12,8
78656,"Kei Nishikori","Viktor Troicki",12,7
78656,"Tomas Berdych","Fabio Fognini",16,15
78656,"David Ferrer","Guillermo Garcia-Lopez",12,4
78656,"Stan Wawrinka","Dominic Thiem",13,10
78656,"Novak Djokovic","Nicolas Almagro",18,11
78656,"Andy Murray","Jeremy Chardy",12,7
78656,"Rafael Nadal","Marsel Ilhan",12,2
78656,"Kei Nishikori","Jiri Vesely",14,11
78656,"Tomas Berdych","Matteo Donati",12,6
78656,"David Ferrer","Richard Gasquet",13,9
78656,"Stan Wawrinka","Juan Monaco",16,11
78656,"Dominic Thiem","Gilles Simon",9,6
78656,"Roberto Bautista Agut","Marcel Granollers",12,4
78656,"Dominic Thiem","Simone Bolelli",14,12
78663,"Stan Wawrinka","Lukas Rosol",15,13
78663,"Marin Cilic","Andrey Rublev",17,13
78670,"Stan Wawrinka","Novak Djokovic",22,17
78670,"Novak Djokovic","Andy Murray",28,21
78670,"Stan Wawrinka","Jo-Wilfried Tsonga",25,20
78670,"Novak Djokovic","Rafael Nadal",19,9
78670,"Stan Wawrinka","Roger Federer",19,13
78670,"Andy Murray","David Ferrer",24,16
78670,"Novak Djokovic","Richard Gasquet",18,6
78670,"Andy Murray","Jeremy Chardy",21,15
78670,"Kei Nishikori","Teymuraz Gabashvili",18,9
78670,"Rafael Nadal","Jack Sock",23,13
78670,"David Ferrer","Marin Cilic",18,8
78670,"Stan Wawrinka","Gilles Simon",18,7
78670,"Novak Djokovic","Thanasi Kokkinakis",18,12
78670,"Andy Murray","Nick Kyrgios",18,9
78670,"Tomas Berdych","Benoit Paire",24,15
78670,"Kei Nishikori","Benjamin Becker",0,0
78670,"Rafael Nadal","Andrey Kuznetsov",18,6
78670,"David Ferrer","Simone Bolelli",24,17
78670,"Stan Wawrinka","Steve Johnson",18,9
78670,"Marin Cilic","Leonardo Mayer",18,9
78670,"Novak Djokovic","Gilles Muller",18,9
78670,"Andy Murray","Joao Sousa",22,13
78670,"Tomas Berdych","Radek Stepanek",24,16
78670,"Kei Nishikori","Thomaz Bellucci",19,13
78670,"Rafael Nadal","Nicolas Almagro",18,8
78670,"David Ferrer","Daniel Gimeno-Traver",18,6
78670,"Stan Wawrinka","Dusan Lajovic",23,17
78670,"Marin Cilic","Andrea Arnaboldi",19,8
78670,"Novak Djokovic","Jarkko Nieminen",19,9
78670,"Andy Murray","Facundo Arguello",18,7
78670,"Tomas Berdych","Yoshihito Nishioka",19,8
78670,"Kei Nishikori","Paul-Henri Mathieu",19,9
78670,"Rafael Nadal","Quentin Halys",18,10
78670,"David Ferrer","Lukas Lacko",18,5
78670,"Stan Wawrinka","Marsel Ilhan",18,8
78670,"Marin Cilic","Robin Haase",18,8
78670,"Roberto Bautista Agut","Florian Mayer",18,7
78670,"Dominic Thiem","Aljaz Bedene",24,17
78685,"Rafael Nadal","Viktor Troicki",13,9
78685,"Rafael Nadal","Gael Monfils",12,7
78685,"Rafael Nadal","Bernard Tomic",18,14
78685,"Marin Cilic","Mischa Zverev",18,18
78685,"Rafael Nadal","Marcos Baghdatis",19,15
78685,"Marin Cilic","Matthias Bachinger",13,9
78692,"Kei Nishikori","Jerzy Janowicz",17,14
78692,"Kei Nishikori","Dustin Brown",13,6
78692,"Tomas Berdych","Borna Coric",12,5
78692,"Kei Nishikori","Dominic Thiem",14,11
78692,"Tomas Berdych","Victor Estrella Burgos",13,8
78692,"Andy Murray","Kevin Anderson",12,7
78692,"Andy Murray","Viktor Troicki",13,9
78692,"Andy Murray","Gilles Muller",16,16
78692,"Andy Murray","Fernando Verdasco",13,9
78692,"Andy Murray","Yen-Hsun Lu",13,9
78692,"Stan Wawrinka","Nick Kyrgios",12,7
78692,"Marin Cilic","Adrian Mannarino",16,14
78698,"Dominic Thiem","Malek Jaziri",12,4
78706,"Novak Djokovic","Roger Federer",25,20
78706,"Novak Djokovic","Richard Gasquet",19,14
78706,"Novak Djokovic","Marin Cilic",18,12
78706,"Andy Murray","Vasek Pospisil",19,13
78706,"Novak Djokovic","Kevin Anderson",31,24
78706,"Andy Murray","Ivo Karlovic",24,21
78706,"Stan Wawrinka","David Goffin",20,16
78706,"Marin Cilic","Denis Kudla",23,18
78706,"Novak Djokovic","Bernard Tomic",18,9
78706,"Andy Murray","Andreas Seppi",19,11
78706,"Stan Wawrinka","Fernando Verdasco",18,11
78706,"Tomas Berdych","Pablo Andujar",23,15
78706,"Marin Cilic","John Isner",25,24
78706,"Roberto Bautista Agut","Nikoloz Basilashvili",19,7
78706,"Novak Djokovic","Jarkko Nieminen",18,9
78706,"Andy Murray","Robin Haase",18,6
78706,"Stan Wawrinka","Victor Estrella Burgos",19,12
78706,"Tomas Berdych","Nicolas Mahut",18,9
78706,"Marin Cilic","Ricardas Berankis",28,26
78706,"Roberto Bautista Agut","Benoit Paire",24,21
78706,"Novak Djokovic","Philipp Kohlschreiber",18,12
78706,"Andy Murray","Mikhail Kukushkin",19,14
78706,"Stan Wawrinka","Joao Sousa",20,13
78706,"Kei Nishikori","Simone Bolelli",27,21
78706,"Tomas Berdych","Jeremy Chardy",26,21
78706,"Marin Cilic","Hiroki Moriya",19,11
78706,"Rafael Nadal","Thomaz Bellucci",18,10
78706,"Roberto Bautista Agut","Ruben Bemelmans",19,10
78706,"Dominic Thiem","Dudi Sela",20,17
78727,"Dominic Thiem","Joao Sousa",12,5
78727,"Dominic Thiem","Gael Monfils",13,10
78727,"Roberto Bautista Agut","Borna Coric",12,6
78727,"Dominic Thiem","Andreas Haider-Maurer",15,8
78727,"Roberto Bautista Agut","Blaz Kavcic",12,3
78727,"Dominic Thiem","Dusan Lajovic",9,2
78734,"Dominic Thiem","David Goffin",13,7
78734,"Dominic Thiem","Feliciano Lopez",18,13
78734,"Dominic Thiem","Pablo Carreno Busta",15,12
78734,"Dominic Thiem","Federico Delbonis",12,7
78734,"Rafael Nadal","Fabio Fognini",14,10
78734,"Rafael Nadal","Andreas Seppi",12,3
78734,"Rafael Nadal","Pablo Cuevas",12,5
78734,"Rafael Nadal","Jiri Vesely",13,10
78734,"Rafael Nadal","Fernando Verdasco",15,8
78734,"Roberto Bautista Agut","Borna Coric",12,7
78741,"Dominic Thiem","Albert Montanes",10,8
78741,"Dominic Thiem","Andreas Haider-Maurer",14,16
78741,"Kei Nishikori","John Isner",16,14
78741,"Kei Nishikori","Marin Cilic",15,11
78741,"Kei Nishikori","Sam Groth",12,8
78741,"Marin Cilic","Alexander Zverev",14,11
78741,"Kei Nishikori","Leonardo Mayer",12,8
78741,"Marin Cilic","Sam Querrey",14,12
78741,"Kei Nishikori","James Duckworth",18,12
78741,"Marin Cilic","Hyeon Chung",13,9
78748,"Andy Murray","Novak Djokovic",16,13
78748,"Novak Djokovic","Jeremy Chardy",12,8
78748,"Andy Murray","Kei Nishikori",12,3
78748,"Novak Djokovic","Ernests Gulbis",18,14
78748,"Andy Murray","Jo-Wilfried Tsonga",12,8
78748,"Kei Nishikori","Rafael Nadal",12,6
78748,"Novak Djokovic","Jack Sock",12,3
78748,"Andy Murray","Gilles Muller",12,5
78748,"Kei Nishikori","David Goffin",12,8
78748,"Rafael Nadal","Mikhail Youzhny",12,6
78748,"Novak Djokovic","Thomaz Bellucci",13,9
78748,"Andy Murray","Tommy Robredo",13,9
78748,"Kei Nishikori","Pablo Andujar",12,6
78748,"Rafael Nadal","Sergiy Stakhovsky",13,9
78748,"Roberto Bautista Agut","Janko Tipsarevic",12,7
78754,"Novak Djokovic","Alexandr Dolgopolov",17,14
78754,"Novak Djokovic","Stan Wawrinka",12,5
78754,"Andy Murray","Richard Gasquet",16,11
78754,"Novak Djokovic","David Goffin",14,13
78754,"Andy Murray","Grigor Dimitrov",18,17
78754,"Stan Wawrinka","Ivo Karlovic",20,19
78754,"Tomas Berdych","Tommy Robredo",12,1
78754,"Novak Djokovic","Benoit Paire",13,7
78754,"Andy Murray","Mardy Fish",13,10
78754,"Stan Wawrinka","Borna Coric",16,15
78754,"Tomas Berdych","Thomaz Bellucci",12,5
78754,"Marin Cilic","Joao Sousa",12,6
78754,"Rafael Nadal","Jeremy Chardy",12,7
78754,"Roberto Bautista Agut","Pablo Cuevas",12,7
78769,"Novak Djokovic","Roger Federer",23,19
78769,"Novak Djokovic","Marin Cilic",18,3
78769,"Novak Djokovic","Feliciano Lopez",22,16
78769,"Stan Wawrinka","Kevin Anderson",18,8
78769,"Marin Cilic","Jo-Wilfried Tsonga",27,25
78769,"Novak Djokovic","Roberto Bautista Agut",22,16
78769,"Stan Wawrinka","Donald Young",19,17
78769,"Marin Cilic","Jeremy Chardy",21,16
78769,"Novak Djokovic","Andreas Seppi",20,13
78769,"Andy Murray","Thomaz Bellucci",19,10
78769,"Stan Wawrinka","Ruben Bemelmans",19,13
78769,"Tomas Berdych","Guillermo Garcia-Lopez",25,19
78769,"Marin Cilic","Mikhail Kukushkin",31,24
78769,"Roberto Bautista Agut","David Goffin",16,17
78769,"Novak Djokovic","Andreas Haider-Maurer",18,7
78769,"Andy Murray","Adrian Mannarino",27,18
78769,"Stan Wawrinka","Hyeon Chung",21,18
78769,"Tomas Berdych","Jurgen Melzer",19,10
78769,"David Ferrer","Filip Krajinovic",21,16
78769,"Rafael Nadal","Diego Schwartzman",20,14
78769,"Marin Cilic","Evgeny Donskoy",19,10
78769,"Dominic Thiem","Denis Istomin",13,8
78769,"Roberto Bautista Agut","Pablo Carreno Busta",24,20
78769,"Novak Djokovic","Joao Souza",18,3
78769,"Andy Murray","Nick Kyrgios",23,15
78769,"Stan Wawrinka","Albert Ramos-Vinolas",20,15
78769,"Tomas Berdych","Bjorn Fratangelo",18,9
78769,"David Ferrer","Radu Albot",23,12
78769,"Rafael Nadal","Borna Coric",22,15
78769,"Marin Cilic","Guido Pella",20,15
78769,"Dominic Thiem","Daniel Gimeno-Traver",20,13
78769,"Roberto Bautista Agut","Pierre-Hugues Herbert",19,11
78790,"Stan Wawrinka","Dustin Brown",17,15
78790,"Dominic Thiem","Denis Istomin",13,7
78790,"Roberto Bautista Agut","Lucas Pouille",12,5
78790,"Dominic Thiem","Andreas Haider-Maurer",13,8
78790,"Roberto Bautista Agut","Teymuraz Gabashvili",18,15
78797,"David Ferrer","Feliciano Lopez",14,10
78797,"David Ferrer","Benjamin Becker",15,12
78797,"David Ferrer","Mikhail Kukushkin",12,7
78797,"David Ferrer","Radek Stepanek",13,8
78797,"Tomas Berdych","Guillermo Garcia-Lopez",13,9
78797,"Tomas Berdych","Tommy Robredo",12,5
78797,"Tomas Berdych","Jiri Vesely",12,5
78797,"Marin Cilic","Hyeon Chung",13,10
78797,"Tomas Berdych","Austin Krajicek",13,8
78797,"Marin Cilic","John Millman",16,12
78804,"Novak Djokovic","Rafael Nadal",12,4
78804,"Novak Djokovic","David Ferrer",12,5
78804,"Rafael Nadal","Fabio Fognini",13,8
78804,"Novak Djokovic","John Isner",12,4
78804,"Rafael Nadal","Jack Sock",15,13
78804,"David Ferrer","Yen-Hsun Lu",12,4
78804,"Novak Djokovic","Ze Zhang",12,3
78804,"Rafael Nadal","Vasek Pospisil",13,10
78804,"David Ferrer","Lukas Rosol",13,8
78804,"Novak Djokovic","Simone Bolelli",12,2
78804,"Rafael Nadal","Di Wu",12,8
78804,"David Ferrer","Thomaz Bellucci",12,7
78804,"Stan Wawrinka","Benoit Paire",12,6
78804,"Stan Wawrinka","Gilles Muller",13,10
78804,"Stan Wawrinka","Austin Krajicek",12,7
78804,"Kei Nishikori","Marin Cilic",16,14
78804,"Stan Wawrinka","Tatsuma Ito",14,13
78804,"Kei Nishikori","Sam Querrey",13,9
78804,"Marin Cilic","Steve Johnson",12,6
78804,"Stan Wawrinka","Radek Stepanek",13,8
78804,"Kei Nishikori","Borna Coric",14,9
78804,"Roberto Bautista Agut","Richard Gasquet",12,5
78804,"Marin Cilic","Donald Young",18,16
78810,"Novak Djokovic","Jo-Wilfried Tsonga",12,6
78810,"Novak Djokovic","Andy Murray",12,4
78810,"Novak Djokovic","Bernard Tomic",13,7
78810,"Andy Murray","Tomas Berdych",12,4
78810,"Rafael Nadal","Stan Wawrinka",12,3
78810,"Novak Djokovic","Feliciano Lopez",12,5
78810,"Andy Murray","John Isner",18,15
78810,"Stan Wawrinka","Marin Cilic",19,16
78810,"Tomas Berdych","Gilles Simon",12,6
78810,"Rafael Nadal","Milos Raonic",13,9
78810,"Novak Djokovic","Martin Klizan",12,3
78810,"Andy Murray","Steve Johnson",12,6
78810,"Stan Wawrinka","Viktor Troicki",13,9
78810,"Tomas Berdych","Jack Sock",17,16
78810,"Kei Nishikori","Nick Kyrgios",13,14
78810,"Rafael Nadal","Ivo Karlovic",20,18
78810,"Marin Cilic","Borna Coric",12,3
78810,"Marin Cilic","Di Wu",17,15
78810,"Roberto Bautista Agut","Guillermo Garcia-Lopez",12,5
78810,"Dominic Thiem","Yen-Hsun Lu",12,6
78818,"Marin Cilic","Roberto Bautista Agut",12,8
78818,"Marin Cilic","Evgeny Donskoy",12,4
78818,"Roberto Bautista Agut","Philipp Kohlschreiber",12,8
78818,"Marin Cilic","Andrey Kuznetsov",12,3
78818,"Roberto Bautista Agut","Lucas Pouille",12,6
78818,"Marin Cilic","Denis Istomin",16,15
78818,"Roberto Bautista Agut","Marsel Ilhan",13,7
78818,"Tomas Berdych","Jack Sock",13,8
78818,"Tomas Berdych","Marcos Baghdatis",6,1
78818,"Tomas Berdych","Grigor Dimitrov",13,9
78818,"Tomas Berdych","Alexander Zverev",12,7
78818,"David Ferrer","Steve Johnson",17,15
78818,"David Ferrer","Gael Monfils",14,11
78818,"David Ferrer","Fabio Fognini",12,6
78818,"David Ferrer","Guillermo Garcia-Lopez",12,2
78818,"David Ferrer","Albert Ramos-Vinolas",13,13
78825,"Rafael Nadal","Richard Gasquet",13,10
78825,"Rafael Nadal","Marin Cilic",16,12
78825,"Rafael Nadal","Grigor Dimitrov",16,13
78825,"Marin Cilic","Teymuraz Gabashvili",12,4
78825,"Rafael Nadal","Lukas Rosol",15,17
78825,"Marin Cilic","Marco Chiudinelli",13,9
78825,"Dominic Thiem","Robin Haase",14,17
78825,"Roberto Bautista Agut","Steve Johnson",17,15
78825,"Roberto Bautista Agut","Mischa Zverev",12,7
78825,"Roberto Bautista Agut","Andrey Rublev",12,5
78825,"Roberto Bautista Agut","Nicolas Almagro",17,16
78832,"Novak Djokovic","Andy Murray",12,6
78832,"Novak Djokovic","Stan Wawrinka",15,9
78832,"Andy Murray","David Ferrer",12,7
78832,"Novak Djokovic","Tomas Berdych",14,12
78832,"Andy Murray","Richard Gasquet",16,15
78832,"Stan Wawrinka","Rafael Nadal",14,12
78832,"David Ferrer","John Isner",18,12
78832,"Novak Djokovic","Gilles Simon",13,8
78832,"Andy Murray","David Goffin",12,1
78832,"Stan Wawrinka","Viktor Troicki",13,9
78832,"Tomas Berdych","Jo-Wilfried Tsonga",12,7
78832,"Rafael Nadal","Kevin Anderson",17,14
78832,"David Ferrer","Grigor Dimitrov",18,12
78832,"Novak Djokovic","Thomaz Bellucci",13,8
78832,"Andy Murray","Borna Coric",12,3
78832,"Stan Wawrinka","Bernard Tomic",13,9
78832,"Tomas Berdych","Edouard Roger-Vasselin",17,14
78832,"Kei Nishikori","Jeremy Chardy",19,14
78832,"Rafael Nadal","Lukas Rosol",12,4
78832,"David Ferrer","Alexandr Dolgopolov",12,4
78832,"Roberto Bautista Agut","Pierre-Hugues Herbert",16,11
78832,"Dominic Thiem","Adrian Mannarino",17,11
78845,"Novak Djokovic","Roger Federer",12,7
78845,"Novak Djokovic","Rafael Nadal",12,6
78845,"Stan Wawrinka","Andy Murray",13,10
78845,"Rafael Nadal","David Ferrer",18,14
78845,"Novak Djokovic","Tomas Berdych",13,8
78845,"Rafael Nadal","Andy Murray",12,5
78845,"Stan Wawrinka","David Ferrer",13,7
78845,"Kei Nishikori","Tomas Berdych",16,14
78845,"Andy Murray","David Ferrer",12,8
78845,"Rafael Nadal","Stan Wawrinka",12,5
78845,"Novak Djokovic","Kei Nishikori",12,2
78895,"Dominic Thiem","Marin Cilic",15,16
78895,"Kei Nishikori","Mikhail Kukushkin",12,7
78895,"Marin Cilic","Hyeon Chung",14,11
78895,"Dominic Thiem","Denis Kudla",12,5
78895,"Dominic Thiem","James Duckworth",15,13
78895,"Stan Wawrinka","Borna Coric",13,8
78895,"Stan Wawrinka","Benoit Paire",12,7
78895,"Stan Wawrinka","Guillermo Garcia-Lopez",12,8
78895,"Stan Wawrinka","Andrey Rublev",12,5
78895,"Roberto Bautista Agut","John Millman",12,5
78895,"Novak Djokovic","Rafael Nadal",12,3
78895,"Novak Djokovic","Tomas Berdych",13,9
78895,"Rafael Nadal","Illya Marchenko",12,7
78895,"Novak Djokovic","Leonardo Mayer",13,8
78895,"Rafael Nadal","Andrey Kuznetsov",17,14
78895,"Tomas Berdych","Kyle Edmund",12,5
78895,"Novak Djokovic","Fernando Verdasco",12,4
78895,"Rafael Nadal","Robin Haase",12,5
78895,"Tomas Berdych","Damir Dzumhur",12,4
78895,"Novak Djokovic","Dustin Brown",12,4
78895,"Rafael Nadal","Pablo Carreno Busta",18,11
78895,"Tomas Berdych","Sergiy Stakhovsky",13,9
78902,"Roberto Bautista Agut","Jack Sock",7,1
78902,"Roberto Bautista Agut","Jo-Wilfried Tsonga",16,16
78902,"David Ferrer","Lukas Rosol",12,7
78902,"Roberto Bautista Agut","John Isner",15,14
78902,"David Ferrer","Matthew Barton",12,6
78902,"Roberto Bautista Agut","Donald Young",13,10
78902,"Roberto Bautista Agut","Jiri Vesely",13,8
78909,"Novak Djokovic","Andy Murray",20,12
78909,"Novak Djokovic","Roger Federer",21,12
78909,"Andy Murray","Milos Raonic",29,24
78909,"Novak Djokovic","Kei Nishikori",18,9
78909,"Andy Murray","David Ferrer",24,15
78909,"Novak Djokovic","Gilles Simon",28,23
78909,"Andy Murray","Bernard Tomic",19,14
78909,"Tomas Berdych","Roberto Bautista Agut",23,22
78909,"Kei Nishikori","Jo-Wilfried Tsonga",18,10
78909,"David Ferrer","John Isner",19,13
78909,"Novak Djokovic","Andreas Seppi",20,12
78909,"Andy Murray","Joao Sousa",21,12
78909,"Stan Wawrinka","Lukas Rosol",19,11
78909,"Tomas Berdych","Nick Kyrgios",19,17
78909,"Kei Nishikori","Guillermo Garcia-Lopez",21,18
78909,"David Ferrer","Steve Johnson",18,9
78909,"Roberto Bautista Agut","Marin Cilic",20,15
78909,"Novak Djokovic","Quentin Halys",19,9
78909,"Andy Murray","Sam Groth",18,5
78909,"Stan Wawrinka","Radek Stepanek",18,9
78909,"Tomas Berdych","Mirza Basic",18,7
78909,"Kei Nishikori","Austin Krajicek",19,12
78909,"David Ferrer","Lleyton Hewitt",18,10
78909,"Marin Cilic","Albert Ramos-Vinolas",19,13
78909,"Dominic Thiem","Nicolas Almagro",18,7
78909,"Roberto Bautista Agut","Dusan Lajovic",26,17
78909,"Novak Djokovic","Hyeon Chung",18,9
78909,"Andy Murray","Alexander Zverev",18,6
78909,"Stan Wawrinka","Dmitry Tursunov",13,9
78909,"Tomas Berdych","Yuki Bhambri",19,8
78909,"Kei Nishikori","Philipp Kohlschreiber",18,10
78909,"David Ferrer","Peter Gojowczyk",18,10
78909,"Marin Cilic","Thiemo de Bakker",25,18
78909,"Dominic Thiem","Leonardo Mayer",24,20
78909,"Roberto Bautista Agut","Martin Klizan",24,19
78923,"Roberto Bautista Agut","Viktor Troicki",12,7
78923,"Roberto Bautista Agut","Gilles Muller",13,10
78923,"Roberto Bautista Agut","Adrian Mannarino",12,7
78923,"Roberto Bautista Agut","Filip Krajinovic",0,0
78930,"Dominic Thiem","Nicolas Almagro",17,18
78930,"Dominic Thiem","Rafael Nadal",17,16
78930,"Rafael Nadal","Paolo Lorenzi",13,8
78930,"David Ferrer","Pablo Cuevas",13,13
78930,"Dominic Thiem","Dusan Lajovic",12,6
78930,"Rafael Nadal","Juan Monaco",12,8
78930,"David Ferrer","Renzo Olivo",12,4
78930,"Dominic Thiem","Gastao Elias",16,15
78930,"Dominic Thiem","Pablo Carreno Busta",15,9
78930,"Kei Nishikori","Taylor Fritz",12,8
78930,"Kei Nishikori","Sam Querrey",15,12
78930,"Kei Nishikori","Mikhail Kukushkin",12,6
78930,"Kei Nishikori","Ryan Harrison",13,7
78930,"Marin Cilic","Gilles Muller",14,12
78930,"Roberto Bautista Agut","Jiri Vesely",16,12
78930,"Marin Cilic","Denis Istomin",13,10
78930,"Roberto Bautista Agut","Joao Sousa",14,15
78937,"Marin Cilic","Benoit Paire",18,12
78937,"Tomas Berdych","David Goffin",12,7
78937,"Marin Cilic","Andrey Kuznetsov",12,7
78937,"Stan Wawrinka","Sergiy Stakhovsky",17,16
78937,"Tomas Berdych","Alexander Zverev",16,14
78937,"Marin Cilic","Robin Haase",17,14
78937,"Rafael Nadal","Alexandr Dolgopolov",0,0
78937,"Dominic Thiem","David Ferrer",12,5
78937,"Rafael Nadal","Nicolas Almagro",13,8
78937,"David Ferrer","Albert Ramos-Vinolas",16,11
78937,"Dominic Thiem","Diego Schwartzman",14,10
78937,"Rafael Nadal","Pablo Carreno Busta",12,5
78937,"David Ferrer","Nicolas Jarry",13,9
78937,"Dominic Thiem","Pablo Andujar",12,7
78944,"Dominic Thiem","Bernard Tomic",17,15
78944,"Dominic Thiem","Sam Querrey",12,4
78944,"Dominic Thiem","Grigor Dimitrov",13,7
78944,"Dominic Thiem","Dmitry Tursunov",18,14
78944,"David Ferrer","John Millman",12,6
78944,"Kei Nishikori","Thiemo de Bakker",12,3
78944,"Dominic Thiem","Damir Dzumhur",13,9
78944,"Stan Wawrinka","Marcos Baghdatis",13,10
78944,"Stan Wawrinka","Nick Kyrgios",9,4
78944,"Stan Wawrinka","Philipp Kohlschreiber",13,6
78944,"Novak Djokovic","Malek Jaziri",12,3
78944,"Stan Wawrinka","Franko Skugor",13,6
78944,"Tomas Berdych","Thomas Fabbiano",12,4
78944,"Roberto Bautista Agut","Hyeon Chung",12,1
78944,"Novak Djokovic","Tommy Robredo",12,3
78944,"Stan Wawrinka","Sergiy Stakhovsky",18,15
78944,"Tomas Berdych","Joao Sousa",12,5
78944,"Roberto Bautista Agut","Simone Bolelli",12,6
78961,"Novak Djokovic","Milos Raonic",12,2
78961,"Novak Djokovic","Rafael Nadal",13,8
78961,"Novak Djokovic","Jo-Wilfried Tsonga",14,12
78961,"Rafael Nadal","Kei Nishikori",12,7
78961,"Novak Djokovic","Feliciano Lopez",12,6
78961,"Rafael Nadal","Alexander Zverev",19,12
78961,"Kei Nishikori","John Isner",15,18
78961,"Marin Cilic","Richard Gasquet",18,14
78961,"Novak Djokovic","Philipp Kohlschreiber",14,10
78961,"Stan Wawrinka","Andrey Kuznetsov",13,10
78961,"Rafael Nadal","Fernando Verdasco",13,6
78961,"Kei Nishikori","Steve Johnson",14,12
78961,"Tomas Berdych","Borna Coric",13,7
78961,"Marin Cilic","Leonardo Mayer",12,7
78961,"Dominic Thiem","Jack Sock",19,13
78961,"Novak Djokovic","Bjorn Fratangelo",14,9
78961,"Andy Murray","Marcel Granollers",13,10
78961,"Stan Wawrinka","Illya Marchenko",12,5
78961,"Rafael Nadal","Gilles Muller",14,12
78961,"Kei Nishikori","Mikhail Kukushkin",12,6
78961,"Tomas Berdych","Juan Martin del Potro",13,8
78961,"Marin Cilic","Ryan Harrison",12,7
78961,"Dominic Thiem","Jozef Kovalik",14,12
78961,"Roberto Bautista Agut","Mikhail Youzhny",0,0
78974,"Novak Djokovic","Kei Nishikori",12,6
78974,"Novak Djokovic","David Goffin",13,10
78974,"Kei Nishikori","Nick Kyrgios",13,8
78974,"Novak Djokovic","Tomas Berdych",12,6
78974,"Kei Nishikori","Gael Monfils",17,15
78974,"Novak Djokovic","Dominic Thiem",12,7
78974,"Kei Nishikori","Roberto Bautista Agut",12,6
78974,"Tomas Berdych","Richard Gasquet",16,15
78974,"Novak Djokovic","Joao Sousa",12,5
78974,"Kei Nishikori","Alexandr Dolgopolov",12,4
78974,"Tomas Berdych","Steve Johnson",18,13
78974,"Roberto Bautista Agut","Jo-Wilfried Tsonga",15,15
78974,"Dominic Thiem","Yoshihito Nishioka",12,4
78974,"Novak Djokovic","Kyle Edmund",12,6
78974,"Andy Murray","Denis Istomin",13,8
78974,"Kei Nishikori","Pierre-Hugues Herbert",13,8
78974,"Tomas Berdych","Rajeev Ram",0,0
78974,"David Ferrer","Taylor Fritz",13,7
78974,"Marin Cilic","Dusan Lajovic",12,5
78974,"Dominic Thiem","Sam Groth",13,7
78974,"Roberto Bautista Agut","Aljaz Bedene",7,5
78992,"Rafael Nadal","Gael Monfils",18,12
78992,"Rafael Nadal","Andy Murray",14,12
78992,"Andy Murray","Milos Raonic",12,2
78992,"Rafael Nadal","Stan Wawrinka",12,5
78992,"Andy Murray","Benoit Paire",16,16
78992,"Stan Wawrinka","Gilles Simon",12,3
78992,"Rafael Nadal","Dominic Thiem",13,8
78992,"Andy Murray","Pierre-Hugues Herbert",16,11
78992,"Stan Wawrinka","Philipp Kohlschreiber",14,11
78992,"Rafael Nadal","Aljaz Bedene",12,6
78992,"Dominic Thiem","Taro Daniel",16,8
78992,"Roberto Bautista Agut","Jeremy Chardy",18,15
78992,"Dominic Thiem","Jan-Lennard Struff",13,13
78992,"Roberto Bautista Agut","Albert Ramos-Vinolas",13,10
79000,"Rafael Nadal","Kei Nishikori",13,9
79000,"Rafael Nadal","Philipp Kohlschreiber",12,6
79000,"Kei Nishikori","Benoit Paire",12,5
79000,"Rafael Nadal","Fabio Fognini",13,8
79000,"Kei Nishikori","Alexandr Dolgopolov",13,5
79000,"Rafael Nadal","Albert Montanes",12,4
79000,"Kei Nishikori","Jeremy Chardy",13,8
79000,"Rafael Nadal","Marcel Granollers",12,5
79000,"Kei Nishikori","Thiemo de Bakker",12,6
79007,"Dominic Thiem","Alexander Zverev",16,11
79007,"Dominic Thiem","Ivan Dodig",16,13
79007,"Dominic Thiem","Santiago Giraldo",13,9
79013,"Novak Djokovic","Andy Murray",15,11
79013,"Novak Djokovic","Kei Nishikori",13,9
79013,"Andy Murray","Rafael Nadal",13,9
79013,"Novak Djokovic","Milos Raonic",12,7
79013,"Andy Murray","Tomas Berdych",12,5
79013,"Rafael Nadal","Joao Sousa",16,9
79013,"Kei Nishikori","Nick Kyrgios",19,16
79013,"Novak Djokovic","Roberto Bautista Agut",12,3
79013,"Andy Murray","Gilles Simon",12,6
79013,"Rafael Nadal","Sam Querrey",12,6
79013,"Kei Nishikori","Richard Gasquet",13,9
79013,"Tomas Berdych","David Ferrer",14,11
79013,"Novak Djokovic","Borna Coric",12,6
79013,"Andy Murray","Radek Stepanek",16,13
79013,"Rafael Nadal","Andrey Kuznetsov",12,6
79013,"Kei Nishikori","Fabio Fognini",16,13
79013,"Tomas Berdych","Denis Istomin",12,6
79013,"David Ferrer","Denis Kudla",16,14
79013,"Roberto Bautista Agut","Feliciano Lopez",18,15
79013,"David Ferrer","Guillermo Garcia-Lopez",15,9
79013,"Roberto Bautista Agut","Santiago Giraldo",13,8
79020,"Andy Murray","Novak Djokovic",12,6
79020,"Novak Djokovic","Kei Nishikori",15,16
79020,"Andy Murray","Lucas Pouille",12,3
79020,"Novak Djokovic","Rafael Nadal",14,11
79020,"Andy Murray","David Goffin",13,6
79020,"Kei Nishikori","Dominic Thiem",13,8
79020,"Novak Djokovic","Thomaz Bellucci",12,11
79020,"Andy Murray","Jeremy Chardy",12,4
79020,"Dominic Thiem","Roger Federer",13,10
79020,"Rafael Nadal","Nick Kyrgios",18,13
79020,"Kei Nishikori","Richard Gasquet",12,5
79020,"Novak Djokovic","Stephane Robert",14,10
79020,"Andy Murray","Mikhail Kukushkin",12,6
79020,"Stan Wawrinka","Benoit Paire",17,10
79020,"Rafael Nadal","Philipp Kohlschreiber",12,6
79020,"Kei Nishikori","Viktor Troicki",17,12
79020,"Tomas Berdych","Albert Ramos-Vinolas",12,7
79020,"David Ferrer","Guillermo Garcia-Lopez",12,7
79020,"Dominic Thiem","Joao Sousa",12,5
79020,"David Ferrer","Filippo Volandri",17,12
79020,"Dominic Thiem","Alexandr Dolgopolov",15,13
79020,"Roberto Bautista Agut","Paolo Lorenzi",12,4
79027,"Stan Wawrinka","Marin Cilic",13,10
79027,"Stan Wawrinka","Lukas Rosol",16,11
79027,"Marin Cilic","David Ferrer",14,10
79027,"Stan Wawrinka","Pablo Carreno Busta",12,4
79027,"David Ferrer","Guillermo Garcia-Lopez",12,4
79027,"Marin Cilic","Federico Delbonis",12,7
79027,"Stan Wawrinka","Albert Ramos-Vinolas",12,2
79027,"David Ferrer","Denis Istomin",5,9
79027,"Marin Cilic","Ernests Gulbis",13,10
79034,"Novak Djokovic","Andy Murray",21,13
79034,"Novak Djokovic","Dominic Thiem",18,7
79034,"Andy Murray","Stan Wawrinka",22,14
79034,"Novak Djokovic","Tomas Berdych",19,11
79034,"Andy Murray","Richard Gasquet",24,15
79034,"Stan Wawrinka","Albert Ramos-Vinolas",19,9
79034,"Dominic Thiem","David Goffin",23,17
79034,"Novak Djokovic","Roberto Bautista Agut",22,16
79034,"Andy Murray","John Isner",19,13
79034,"Stan Wawrinka","Viktor Troicki",25,18
79034,"Tomas Berdych","David Ferrer",19,11
79034,"Dominic Thiem","Marcel Granollers",24,14
79034,"Novak Djokovic","Aljaz Bedene",18,8
79034,"Andy Murray","Ivo Karlovic",19,11
79034,"Stan Wawrinka","Jeremy Chardy",19,12
79034,"Kei Nishikori","Fernando Verdasco",23,23
79034,"Tomas Berdych","Pablo Cuevas",23,16
79034,"David Ferrer","Feliciano Lopez",19,11
79034,"Dominic Thiem","Alexander Zverev",24,16
79034,"Roberto Bautista Agut","Borna Coric",18,8
79034,"Novak Djokovic","Steve Darcis",19,12
79034,"Andy Murray","Mathias Bourgue",24,19
79034,"Stan Wawrinka","Taro Daniel",19,13
79034,"Rafael Nadal","Facundo Bagnis",18,6
79034,"Kei Nishikori","Andrey Kuznetsov",18,9
79034,"Tomas Berdych","Malek Jaziri",20,13
79034,"David Ferrer","Juan Monaco",24,16
79034,"Dominic Thiem","Guillermo Garcia-Lopez",20,15
79034,"Roberto Bautista Agut","Paul-Henri Mathieu",19,11
79034,"Novak Djokovic","Yen-Hsun Lu",18,6
79034,"Andy Murray","Radek Stepanek",25,20
79034,"Stan Wawrinka","Lukas Rosol",25,20
79034,"Rafael Nadal","Sam Groth",18,3
79034,"Kei Nishikori","Simone Bolelli",19,9
79034,"Tomas Berdych","Vasek Pospisil",18,6
79034,"David Ferrer","Evgeny Donskoy",18,3
79034,"Dominic Thiem","Inigo Cervantes",22,14
79034,"Roberto Bautista Agut","Dmitry Tursunov",18,7
79049,"David Ferrer","Dudi Sela",12,8
79049,"Dominic Thiem","Philipp Kohlschreiber",18,15
79049,"Dominic Thiem","Roger Federer",16,16
79049,"Dominic Thiem","Mikhail Youzhny",16,15
79049,"Dominic Thiem","Sam Groth",14,12
79056,"Dominic Thiem","Philipp Kohlschreiber",0,0
79056,"Dominic Thiem","Teymuraz Gabashvili",12,5
79056,"Kei Nishikori","Lucas Pouille",18,12
79056,"Dominic Thiem","Joao Sousa",13,9
79056,"Andy Murray","Milos Raonic",18,14
79056,"Andy Murray","Marin Cilic",16,12
79056,"Andy Murray","Kyle Edmund",15,11
79056,"Marin Cilic","Steve Johnson",18,14
79056,"Andy Murray","Aljaz Bedene",12,7
79056,"Marin Cilic","Janko Tipsarevic",12,6
79056,"Roberto Bautista Agut","Donald Young",12,6
79056,"Andy Murray","Nicolas Mahut",14,12
79056,"Marin Cilic","Feliciano Lopez",16,13
79056,"Roberto Bautista Agut","Sam Querrey",20,19
79070,"Andy Murray","Milos Raonic",20,16
79070,"Andy Murray","Tomas Berdych",18,9
79070,"Andy Murray","Jo-Wilfried Tsonga",26,20
79070,"Tomas Berdych","Lucas Pouille",19,11
79070,"Andy Murray","Nick Kyrgios",19,10
79070,"Marin Cilic","Kei Nishikori",11,2
79070,"Tomas Berdych","Jiri Vesely",29,25
79070,"Andy Murray","John Millman",19,10
79070,"Kei Nishikori","Andrey Kuznetsov",20,13
79070,"Marin Cilic","Lukas Lacko",18,10
79070,"Tomas Berdych","Alexander Zverev",22,14
79070,"Novak Djokovic","Adrian Mannarino",19,13
79070,"Andy Murray","Yen-Hsun Lu",18,6
79070,"Kei Nishikori","Julien Benneteau",22,16
79070,"Marin Cilic","Sergiy Stakhovsky",24,17
79070,"Tomas Berdych","Benjamin Becker",18,7
79070,"Roberto Bautista Agut","Mikhail Kukushkin",0,0
79070,"Novak Djokovic","James Ward",19,10
79070,"Andy Murray","Liam Broady",18,9
79070,"Stan Wawrinka","Taylor Fritz",25,18
79070,"Kei Nishikori","Sam Groth",19,12
79070,"Dominic Thiem","Florian Mayer",19,13
79070,"Marin Cilic","Brian Baker",19,11
79070,"Tomas Berdych","Ivan Dodig",25,20
79070,"David Ferrer","Dudi Sela",18,4
79070,"Roberto Bautista Agut","Jordan Thompson",18,9
79084,"David Ferrer","Dustin Brown",16,11
79084,"David Ferrer","Calvin Hemery",16,14
79098,"Novak Djokovic","Kei Nishikori",13,8
79098,"Novak Djokovic","Gael Monfils",12,5
79098,"Kei Nishikori","Stan Wawrinka",13,7
79098,"Novak Djokovic","Tomas Berdych",13,10
79098,"Stan Wawrinka","Kevin Anderson",12,4
79098,"Kei Nishikori","Grigor Dimitrov",15,11
79098,"Novak Djokovic","Radek Stepanek",12,6
79098,"Stan Wawrinka","Jack Sock",13,8
79098,"Kei Nishikori","Rajeev Ram",12,7
79098,"Tomas Berdych","Ryan Harrison",18,15
79098,"Novak Djokovic","Gilles Muller",14,11
79098,"Stan Wawrinka","Mikhail Youzhny",14,12
79098,"Kei Nishikori","Dennis Novikov",13,9
79098,"Tomas Berdych","Borna Coric",16,11
79108,"Kei Nishikori","Rafael Nadal",18,12
79108,"Andy Murray","Juan Martin del Potro",24,18
79108,"Andy Murray","Kei Nishikori",12,5
79108,"Andy Murray","Steve Johnson",17,12
79108,"Rafael Nadal","Thomaz Bellucci",14,12
79108,"Kei Nishikori","Gael Monfils",18,18
79108,"Andy Murray","Fabio Fognini",14,10
79108,"Rafael Nadal","Gilles Simon",13,8
79108,"Kei Nishikori","Andrej Martin",12,4
79108,"Roberto Bautista Agut","Gilles Muller",13,10
79108,"Andy Murray","Juan Monaco",12,4
79108,"Rafael Nadal","Andreas Seppi",12,6
79108,"Kei Nishikori","John Millman",13,10
79108,"Marin Cilic","Radu Albot",12,7
79108,"Roberto Bautista Agut","Paolo Lorenzi",13,8
79108,"Andy Murray","Viktor Troicki",12,5
79108,"Rafael Nadal","Federico Delbonis",12,3
79108,"Kei Nishikori","Albert Ramos-Vinolas",12,6
79108,"David Ferrer","Denis Istomin",12,3
79108,"Marin Cilic","Grigor Dimitrov",12,5
79108,"Roberto Bautista Agut","Andrey Kuznetsov",12,9
79118,"Marin Cilic","Andy Murray",13,9
79118,"Andy Murray","Milos Raonic",12,6
79118,"Marin Cilic","Grigor Dimitrov",17,14
79118,"Andy Murray","Bernard Tomic",12,8
79118,"Marin Cilic","Borna Coric",6,2
79118,"Andy Murray","Kevin Anderson",12,5
79118,"Marin Cilic","Tomas Berdych",16,13
79118,"Dominic Thiem","Gael Monfils",0,0
79118,"Andy Murray","Juan Monaco",12,5
79118,"Stan Wawrinka","Jared Donaldson",14,13
79118,"Rafael Nadal","Pablo Cuevas",13,7
79118,"Kei Nishikori","Mikhail Youzhny",12,5
79118,"Tomas Berdych","Marcel Granollers",13,9
79118,"Dominic Thiem","John Millman",13,6
79118,"Marin Cilic","Fernando Verdasco",12,4
79118,"Marin Cilic","Viktor Troicki",12,7
79125,"Roberto Bautista Agut","Viktor Troicki",19,14
79125,"Roberto Bautista Agut","Yen-Hsun Lu",12,5
79125,"Roberto Bautista Agut","Marcos Baghdatis",16,10
79125,"Roberto Bautista Agut","Aljaz Bedene",16,12
79133,"Stan Wawrinka","Novak Djokovic",25,19
79133,"Novak Djokovic","Gael Monfils",21,13
79133,"Stan Wawrinka","Kei Nishikori",23,17
79133,"Novak Djokovic","Jo-Wilfried Tsonga",12,5
79133,"Kei Nishikori","Andy Murray",24,22
79133,"Stan Wawrinka","Juan Martin del Potro",23,17
79133,"Novak Djokovic","Kyle Edmund",18,7
79133,"Andy Murray","Grigor Dimitrov",18,5
79133,"Stan Wawrinka","Illya Marchenko",24,15
79133,"Kei Nishikori","Ivo Karlovic",19,13
79133,"Novak Djokovic","Mikhail Youzhny",4,2
79133,"Andy Murray","Paolo Lorenzi",24,18
79133,"Stan Wawrinka","Daniel Evans",29,24
79133,"Rafael Nadal","Andrey Kuznetsov",18,7
79133,"Kei Nishikori","Nicolas Mahut",22,11
79133,"Dominic Thiem","Pablo Carreno Busta",20,19
79133,"Novak Djokovic","Jiri Vesely",0,0
79133,"Andy Murray","Marcel Granollers",18,9
79133,"Stan Wawrinka","Alessandro Giannessi",20,12
79133,"Rafael Nadal","Andreas Seppi",19,6
79133,"Kei Nishikori","Karen Khachanov",22,17
79133,"Marin Cilic","Sergiy Stakhovsky",18,6
79133,"Dominic Thiem","Ricardas Berankis",18,9
79133,"David Ferrer","Fabio Fognini",27,18
79133,"Roberto Bautista Agut","Federico Delbonis",23,14
79133,"Novak Djokovic","Jerzy Janowicz",23,13
79133,"Andy Murray","Lukas Rosol",18,7
79133,"Stan Wawrinka","Fernando Verdasco",19,14
79133,"Rafael Nadal","Denis Istomin",18,7
79133,"Kei Nishikori","Benjamin Becker",21,11
79133,"Marin Cilic","Rogerio Dutra Silva",19,10
79133,"Dominic Thiem","John Millman",25,23
79133,"David Ferrer","Alexandr Dolgopolov",6,5
79133,"Roberto Bautista Agut","Guillermo Garcia-Lopez",26,19
79154,"Dominic Thiem","Gilles Simon",17,14
79154,"Dominic Thiem","Gilles Muller",13,10
79154,"Dominic Thiem","Peter Gojowczyk",14,11
79154,"Stan Wawrinka","Roberto Bautista Agut",13,8
79154,"Stan Wawrinka","Viktor Troicki",13,7
79154,"Tomas Berdych","Paolo Lorenzi",12,7
79154,"Roberto Bautista Agut","Joao Sousa",16,9
79154,"Stan Wawrinka","Lukas Rosol",12,4
79154,"Tomas Berdych","Andrey Kuznetsov",15,15
79154,"Roberto Bautista Agut","Ricardas Berankis",17,13
79161,"Dominic Thiem","Di Wu",12,8
79161,"Tomas Berdych","Richard Gasquet",19,16
79161,"Tomas Berdych","Thomaz Bellucci",13,7
79161,"Tomas Berdych","Jiri Vesely",16,14
79161,"Tomas Berdych","Mikhail Kukushkin",14,12
79168,"Andy Murray","Grigor Dimitrov",13,10
79168,"Andy Murray","David Ferrer",12,5
79168,"Andy Murray","Kyle Edmund",13,8
79168,"David Ferrer","Alexander Zverev",19,13
79168,"Andy Murray","Andrey Kuznetsov",12,3
79168,"Rafael Nadal","Adrian Mannarino",13,7
79168,"David Ferrer","Fabio Fognini",12,7
79168,"Andy Murray","Andreas Seppi",13,7
79168,"Rafael Nadal","Paolo Lorenzi",12,2
79168,"David Ferrer","Pablo Cuevas",13,10
79168,"Roberto Bautista Agut","John Millman",15,13
79168,"Marin Cilic","Juan Monaco",13,6
79168,"Marin Cilic","Fernando Verdasco",18,16
79168,"Kei Nishikori","Donald Young",16,10
79168,"Marin Cilic","Benoit Paire",16,9
79174,"Andy Murray","Roberto Bautista Agut",13,7
79174,"Roberto Bautista Agut","Novak Djokovic",12,8
79174,"Andy Murray","Gilles Simon",12,7
79174,"Novak Djokovic","Mischa Zverev",16,15
79174,"Andy Murray","David Goffin",12,4
79174,"Roberto Bautista Agut","Jo-Wilfried Tsonga",12,7
79174,"Novak Djokovic","Vasek Pospisil",12,8
79174,"Andy Murray","Lucas Pouille",12,4
79174,"Roberto Bautista Agut","Viktor Troicki",12,6
79174,"Novak Djokovic","Fabio Fognini",12,6
79174,"Andy Murray","Steve Johnson",12,5
79174,"Stan Wawrinka","Kyle Edmund",12,7
79174,"Roberto Bautista Agut","Taylor Fritz",12,8
79174,"Roberto Bautista Agut","Bernard Tomic",9,3
79189,"Marin Cilic","Kei Nishikori",13,7
79189,"Kei Nishikori","Gilles Muller",17,15
79189,"Marin Cilic","Mischa Zverev",17,14
79189,"Kei Nishikori","Juan Martin del Potro",13,9
79189,"Marin Cilic","Marcel Granollers",12,6
79189,"Stan Wawrinka","Donald Young",19,17
79189,"Kei Nishikori","Paolo Lorenzi",13,8
79189,"Marin Cilic","Pablo Carreno Busta",13,6
79189,"Stan Wawrinka","Marco Chiudinelli",18,12
79189,"Kei Nishikori","Dusan Lajovic",13,6
79189,"Marin Cilic","Mikhail Youzhny",12,6
79189,"Andy Murray","Jo-Wilfried Tsonga",13,9
79189,"Andy Murray","David Ferrer",0,0
79189,"Andy Murray","John Isner",12,4
79189,"David Ferrer","Viktor Troicki",16,14
79189,"Andy Murray","Gilles Simon",16,10
79189,"David Ferrer","Joao Sousa",13,8
79189,"Andy Murray","Martin Klizan",18,10
79189,"Dominic Thiem","Gerald Melzer",12,3
79189,"David Ferrer","Kyle Edmund",3,2
79196,"Andy Murray","John Isner",18,14
79196,"Andy Murray","Milos Raonic",0,0
79196,"Marin Cilic","Novak Djokovic",13,10
79196,"Andy Murray","Tomas Berdych",14,11
79196,"Novak Djokovic","Grigor Dimitrov",16,11
79196,"Andy Murray","Lucas Pouille",12,3
79196,"Tomas Berdych","Gilles Simon",12,7
79196,"Marin Cilic","David Goffin",13,9
79196,"Novak Djokovic","Gilles Muller",12,7
79196,"Andy Murray","Fernando Verdasco",19,15
79196,"Kei Nishikori","Viktor Troicki",13,7
79196,"Tomas Berdych","Joao Sousa",16,14
79196,"Marin Cilic","Ivo Karlovic",13,8
79209,"Andy Murray","Novak Djokovic",12,7
79209,"Andy Murray","Milos Raonic",19,19
79209,"Novak Djokovic","Kei Nishikori",12,2
79209,"Andy Murray","Stan Wawrinka",12,6
79209,"Marin Cilic","Kei Nishikori",15,11
79209,"Novak Djokovic","David Goffin",12,3
79209,"Andy Murray","Kei Nishikori",18,15
79209,"Stan Wawrinka","Marin Cilic",14,12
79209,"Novak Djokovic","Milos Raonic",14,12
79209,"Dominic Thiem","Gael Monfils",13,13
79209,"Andy Murray","Marin Cilic",12,5
79209,"Kei Nishikori","Stan Wawrinka",12,5
79209,"Novak Djokovic","Dominic Thiem",18,9
